Title,Link,Date,FW_Issue
Half of disability benefits appeals won in tribunal court,https://www.bbc.co.uk/news/uk-49891159,"Nov 17, 2019","Fair Warning - Passwords, trifectas, and musical politics"
These Are the Brexit Battlegrounds That Will Decide the U.K. Election,https://www.bloomberg.com/graphics/2019-uk-election-primer/,"Nov 17, 2019","Fair Warning - Passwords, trifectas, and musical politics"
Democrats are dominating state-level races,https://www.washingtonpost.com/graphics/politics/trifecta/,"Nov 17, 2019","Fair Warning - Passwords, trifectas, and musical politics"
Why Obama-Trump swing voters like heavy metal,https://www.economist.com/graphic-detail/2019/11/16/why-obama-trump-swing-voters-like-heavy-metal,"Nov 17, 2019","Fair Warning - Passwords, trifectas, and musical politics"
Roger Stone and Everyone Charged in the 2016 Election Investigations,https://www.nytimes.com/interactive/2018/08/21/us/mueller-trump-charges.html,"Nov 17, 2019","Fair Warning - Passwords, trifectas, and musical politics"
Japan climate change: How climate change is triggering a chain reaction that threatens the heart of the Pacific,https://www.washingtonpost.com/graphics/2019/world/climate-environment/climate-change-japan-pacific-sea-salmon-ice-loss/,"Nov 17, 2019","Fair Warning - Passwords, trifectas, and musical politics"
Visualizing my own post-breakup habit changes,https://www.reddit.com/r/dataisbeautiful/comments/dww29a/oc_visualizing_my_own_postbreakup_habit_changes/,"Nov 17, 2019","Fair Warning - Passwords, trifectas, and musical politics"
150 years of Nature: a data graphic charts our evolution,https://www.nature.com/articles/d41586-019-03305-w,"Nov 17, 2019","Fair Warning - Passwords, trifectas, and musical politics"
Insulting Tweets by Donald J. Trump,https://www.reddit.com/r/dataisbeautiful/comments/dwguvx/oc_insulting_tweets_by_donald_j_trump_retweets/,"Nov 17, 2019","Fair Warning - Passwords, trifectas, and musical politics"
"In Data Journalism, Tech Matters Less Than the People",https://www.nytimes.com/2019/11/13/technology/personaltech/data-journalism-economics.html,"Nov 17, 2019","Fair Warning - Passwords, trifectas, and musical politics"
Last Orderrrrs! Speaker John Bercow's career in numbers,https://www.bbc.co.uk/news/uk-politics-50237401,"Nov 10, 2019","Fair Warning - Laughing online, the London underground, and maps"
London Underground: the dirtiest place in the city,https://www.ft.com/content/6f381ad4-fef7-11e9-be59-e49b2a136b8d,"Nov 10, 2019","Fair Warning - Laughing online, the London underground, and maps"
California’s Affordable Housing Crisis: Why Prices Are So High and How to Solve It,https://www.bloomberg.com/graphics/2019-california-housing-crisis/,"Nov 10, 2019","Fair Warning - Laughing online, the London underground, and maps"
It’s Scarily Easy To Track Someone Around A City Via Their Instagram Stories,https://www.buzzfeednews.com/article/meghara/instagram-stories-earthcam-times-square,"Nov 10, 2019","Fair Warning - Laughing online, the London underground, and maps"
Who are the people involved in the Trump impeachment inquiry?,https://www.washingtonpost.com/graphics/politics/trump-impeachment-key-figures/,"Nov 10, 2019","Fair Warning - Laughing online, the London underground, and maps"
"Rape reports up, charges down",https://www.theguardian.com/society/2019/sep/13/complaints-up-charges-down-see-the-numbers-in-your-area,"Oct 28, 2019","Fair Warning - Counting squirrels, surveilled cities, and toxic tweets"
‘Toxic’ tweets aimed at MPs soar after Johnson outburst,https://www.ft.com/content/89096bfa-f8b9-11e9-a354-36acbbb0d9b6,"Oct 28, 2019","Fair Warning - Counting squirrels, surveilled cities, and toxic tweets"
Guardian climate score: how did your MP do?,https://www.theguardian.com/environment/ng-interactive/2019/oct/11/guardian-climate-score-how-did-your-mp-do,"Oct 28, 2019","Fair Warning - Counting squirrels, surveilled cities, and toxic tweets"
"What’s next in the Trump impeachment inquiry, and will Trump cooperate with it?",https://www.washingtonpost.com/graphics/2019/politics/impeachment-calendar/,"Oct 28, 2019","Fair Warning - Counting squirrels, surveilled cities, and toxic tweets"
The Squirrel Census,https://www.thesquirrelcensus.com/,"Oct 28, 2019","Fair Warning - Counting squirrels, surveilled cities, and toxic tweets"
The Bundestag speaks about this,https://www.zeit.de/politik/deutschland/2019-09/bundestag-jubilaeum-70-jahre-parlament-reden-woerter-sprache-wandel,"Oct 28, 2019","Fair Warning - Counting squirrels, surveilled cities, and toxic tweets"
How terrorist attacks influence our travel behaviour,https://www.nzz.ch/international/terroranschlaege-beeinflussen-das-reiseverhalten-von-touristen-ld.1507381,"Oct 28, 2019","Fair Warning - Counting squirrels, surveilled cities, and toxic tweets"
Migrating Russian eagles run up huge data roaming charges,https://www.bbc.co.uk/news/world-europe-50180781,"Oct 28, 2019","Fair Warning - Counting squirrels, surveilled cities, and toxic tweets"
"We Analyzed 8,000 of Picasso's Works. Here’s What They Reveal About Him",https://www.nationalgeographic.com/magazine/2018/05/genius-picasso-art-categories-infographic/,"Oct 28, 2019","Fair Warning - Counting squirrels, surveilled cities, and toxic tweets"
Wedding Data Viz: How We Designed For Feelings,https://www.informationisbeautifulawards.com/showcase/4163-wedding-data-viz-how-we-designed-for-feelings,"Oct 28, 2019","Fair Warning - Counting squirrels, surveilled cities, and toxic tweets"
"Disinformation, ‘fake news’ and influence Campaigns on Twitter",https://www.knightfoundation.org/features/misinfo,"Oct 28, 2019","Fair Warning - Counting squirrels, surveilled cities, and toxic tweets"
What’s killing us now?,https://www.ft.com/content/92007e1c-d42c-11e9-8367-807ebd53ab77,"Oct 20, 2019","Fair Warning - Dogs, death, and taxes"
The Most Detailed Map of Auto Emissions in America,https://www.nytimes.com/interactive/2019/10/10/climate/driving-emissions-map.html,"Oct 20, 2019","Fair Warning - Dogs, death, and taxes"
Steps of Trump Impeachment 2019: How the Process Works,https://www.bloomberg.com/graphics/2019-how-does-impeachment-work-trump-ukraine/,"Oct 20, 2019","Fair Warning - Dogs, death, and taxes"
The Rich Really Do Pay Lower Taxes Than You,https://www.nytimes.com/interactive/2019/10/06/opinion/income-tax-rate-wealthy.html,"Oct 20, 2019","Fair Warning - Dogs, death, and taxes"
"Where, when and how to find the best fall colors across the United States",https://www.washingtonpost.com/graphics/2019/national/fall-foliage-atlas/,"Oct 20, 2019","Fair Warning - Dogs, death, and taxes"
Political Operatives Are Faking Voter Outrage With Millions Of Made-Up Comments To Benefit The Rich And Powerful,https://www.buzzfeednews.com/article/jsvine/net-neutrality-fcc-fake-comments-impersonation,"Oct 20, 2019","Fair Warning - Dogs, death, and taxes"
Do safe-injection sites work?,https://www.economist.com/graphic-detail/2019/10/10/do-safe-injection-sites-work,"Oct 20, 2019","Fair Warning - Dogs, death, and taxes"
"Alcohol firms promote moderate drinking, but it would ruin them",https://www.economist.com/graphic-detail/2019/10/19/alcohol-firms-promote-moderate-drinking-but-it-would-ruin-them,"Oct 20, 2019","Fair Warning - Dogs, death, and taxes"
How Corporate Britain Hides Thousands of Sex Discrimination Cases,https://www.bloomberg.com/graphics/2019-uk-sexual-discrimination-settlements/,"Sep  8, 2019","Fair Warning - Hurricane maps, Siberian wildfires, and HIV"
Seven in 10 hospital trusts failing to meet safety standards,https://www.theguardian.com/society/2019/sep/08/seven-in-10-hospital-trusts-fail-to-meet-safety-standards,"Sep  8, 2019","Fair Warning - Hurricane maps, Siberian wildfires, and HIV"
Here’s Who Owns the Most Land in America,https://www.bloomberg.com/graphics/2019-largest-landowners-in-us/,"Sep  8, 2019","Fair Warning - Hurricane maps, Siberian wildfires, and HIV"
Those Hurricane Maps Don’t Mean What You Think They Mean,https://www.nytimes.com/interactive/2019/08/29/opinion/hurricane-dorian-forecast-map.html,"Sep  8, 2019","Fair Warning - Hurricane maps, Siberian wildfires, and HIV"
Minnesota county sending at-risk kids to other states despite concerns about care,https://www.apmreports.org/story/2019/08/23/hennepin-county-law-breaking-youth-increasingly-sent-out-of-state,"Sep  8, 2019","Fair Warning - Hurricane maps, Siberian wildfires, and HIV"
Mapping the strain on our water supply,https://www.washingtonpost.com/climate-environment/2019/08/06/mapping-strain-our-water/,"Sep  8, 2019","Fair Warning - Hurricane maps, Siberian wildfires, and HIV"
Trump Says Mar-A-Lago Can’t Find US Workers To Hire. New Documents Show Dozens Applied.,https://www.buzzfeednews.com/article/kenbensinger/mar-a-lago-rejected-dozens-of-americans-in-favor-of-foreign,"Sep  8, 2019","Fair Warning - Hurricane maps, Siberian wildfires, and HIV"
Maps of Amazon fires show why we’re thinking about them wrong,https://www.washingtonpost.com/opinions/2019/09/05/were-thinking-about-amazon-fires-all-wrong-these-maps-show-why/,"Sep  8, 2019","Fair Warning - Hurricane maps, Siberian wildfires, and HIV"
"In Russia, the three leading regions in terms of mortality from HIV have changed",https://www.rbc.ru/society/11/03/2019/5c6c0ae49a79477703d915b7,"Sep  8, 2019","Fair Warning - Hurricane maps, Siberian wildfires, and HIV"
"In China, bad research can be worth gold",https://www.nzz.ch/wissenschaft/chinesische-forschung-wieso-so-oft-gefaelscht-wird-ld.1484509,"Sep  8, 2019","Fair Warning - Hurricane maps, Siberian wildfires, and HIV"
I Visited 47 Sites. Hundreds of Trackers Followed Me.,https://www.nytimes.com/interactive/2019/08/23/opinion/data-internet-privacy-tracking.html,"Sep  8, 2019","Fair Warning - Hurricane maps, Siberian wildfires, and HIV"
Gender-neutral bathrooms can save women from waiting forever in line,https://www.theguardian.com/news/datablog/2019/sep/05/gender-neutral-bathrooms-can-save-women-from-waiting-forever-in-line,"Sep  8, 2019","Fair Warning - Hurricane maps, Siberian wildfires, and HIV"
"All possible one-way, directional MTA train line transfers",https://www.reddit.com/r/dataisbeautiful/comments/d0w72o/oc_all_possible_oneway_directional_mta_train_line/,"Sep  8, 2019","Fair Warning - Hurricane maps, Siberian wildfires, and HIV"
Mentions of 'recession' in financial news websites headlines vs SP500,https://www.reddit.com/r/dataisbeautiful/comments/d0vrbl/mentions_of_recession_in_financial_news_websites/,"Sep  8, 2019","Fair Warning - Hurricane maps, Siberian wildfires, and HIV"
Fears that too many British teenagers are using e-cigarettes may be overblown,https://www.economist.com/graphic-detail/2019/08/20/fears-that-too-many-british-teenagers-are-using-e-cigarettes-may-be-overblown,"Aug 25, 2019","Fair Warning - Music tastes, vaping, and political predictions"
"Rivers used as 'open sewers', says WWF charity",https://www.bbc.co.uk/news/uk-england-49131405,"Aug 25, 2019","Fair Warning - Music tastes, vaping, and political predictions"
Are You Rich? Where Does Your Net Worth Rank in America?,https://www.nytimes.com/interactive/2019/08/12/upshot/are-you-rich-where-does-your-net-worth-rank-wealth.html,"Aug 25, 2019","Fair Warning - Music tastes, vaping, and political predictions"
Quiz: Let Us Predict Whether You’re a Democrat or a Republican,https://www.nytimes.com/interactive/2019/08/08/opinion/sunday/party-polarization-quiz.html,"Aug 25, 2019","Fair Warning - Music tastes, vaping, and political predictions"
Here’s Where The Amazon Is Burning And Why It’s Going to Get Worse,https://www.bloomberg.com/graphics/2019-why-amazon-rainforest-is-on-fire/,"Aug 25, 2019","Fair Warning - Music tastes, vaping, and political predictions"
Which countries dominate the world’s dinner tables?,https://www.economist.com/graphic-detail/2019/08/23/which-countries-dominate-the-worlds-dinner-tables,"Aug 25, 2019","Fair Warning - Music tastes, vaping, and political predictions"
What Does Campaign Rally Music Say About a Candidate?,https://www.nytimes.com/interactive/2019/08/19/us/politics/presidential-campaign-songs-playlists.html,"Aug 25, 2019","Fair Warning - Music tastes, vaping, and political predictions"
"Stats, Maps n Pix: Constituency cards",http://www.statsmapsnpix.com/2019/08/constituency-cards.html,"Aug 20, 2019",Fair Warning - The late one with all the pets
Middle-aged generation most likely to die by suicide and drug poisoning,https://www.ons.gov.uk/peoplepopulationandcommunity/healthandsocialcare/healthandwellbeing/articles/middleagedgenerationmostlikelytodiebysuicideanddrugpoisoning/2019-08-13,"Aug 20, 2019",Fair Warning - The late one with all the pets
Could Iowa State Fair attendees name the 2020 Democratic candidates?,https://www.washingtonpost.com/graphics/2019/politics/iowa-state-fair-candidate-recognition/,"Aug 20, 2019",Fair Warning - The late one with all the pets
What the Yield Curve Says About When the Next Recession Could Happen,https://www.bloomberg.com/graphics/2019-yield-curve-inversions/,"Aug 20, 2019",Fair Warning - The late one with all the pets
Legal weed is linked to higher junk-food sales,https://www.economist.com/graphic-detail/2019/08/16/legal-weed-is-linked-to-higher-junk-food-sales,"Aug 20, 2019",Fair Warning - The late one with all the pets
Cat Map of Britain: Where's the most cat-crazy place in the UK?,https://www.mirror.co.uk/news/ampp3d/cat-map-britain-wheres-most-5184092,"Aug 20, 2019",Fair Warning - The late one with all the pets
US blizzard: Charting the snow depth - using six dogs,https://www.bbc.co.uk/news/world-us-canada-30995619,"Aug 20, 2019",Fair Warning - The late one with all the pets
The Yorkie’s Dominance: We Analyzed Every Dog Registration in New York,https://www.nytimes.com/interactive/2018/02/08/realestate/dogs-of-new-york.html,"Aug 20, 2019",Fair Warning - The late one with all the pets
Climate change: Tree planting rise 'needs to happen quickly',https://www.bbc.co.uk/news/uk-england-47541491,"Aug 11, 2019","Fair Warning - Trees, national parks, and city density"
The pound is tumbling on fears of a no-deal Brexit,https://www.economist.com/graphic-detail/2019/07/30/the-pound-is-tumbling-on-fears-of-a-no-deal-brexit,"Aug 11, 2019","Fair Warning - Trees, national parks, and city density"
Trump used words like 'invasion' and 'killer' to discuss immigrants at rallies 500 times,https://www.usatoday.com/story/news/politics/elections/2019/08/08/trump-immigrants-rhetoric-criticized-el-paso-dayton-shootings/1936742001/,"Aug 11, 2019","Fair Warning - Trees, national parks, and city density"
Detailed Maps of the Donors Powering the 2020 Democratic Campaigns,https://www.nytimes.com/interactive/2019/08/02/us/politics/2020-democratic-fundraising.html,"Aug 11, 2019","Fair Warning - Trees, national parks, and city density"
How much warmer is your city?,https://www.bbc.co.uk/news/resources/idt-985b9374-596e-4ae6-aa04-7fbcae4cb7ee,"Aug 11, 2019","Fair Warning - Trees, national parks, and city density"
The World’s Largest Forest Has Been on Fire for Months,https://www.bloomberg.com/graphics/2019-siberia-russia-wildfires/,"Aug 11, 2019","Fair Warning - Trees, national parks, and city density"
Burqa bans have proliferated in Western Europe,https://www.economist.com/graphic-detail/2019/08/09/burqa-bans-have-proliferated-in-western-europe,"Aug 11, 2019","Fair Warning - Trees, national parks, and city density"
Boris Johnson’s approval ratings are surprisingly high,https://www.economist.com/graphic-detail/2019/07/23/boris-johnsons-approval-ratings-are-surprisingly-high,"Jul 28, 2019","Fair Warning - Space, US road trips, and heatwaves"
What Happened to America’s Political Center of Gravity?,https://www.nytimes.com/interactive/2019/06/26/opinion/sunday/republican-platform-far-right.html,"Jul 28, 2019","Fair Warning - Space, US road trips, and heatwaves"
Would you live with a Trump supporter?,https://www.economist.com/graphic-detail/2019/07/19/would-you-live-with-a-trump-supporter,"Jul 28, 2019","Fair Warning - Space, US road trips, and heatwaves"
The Obsessively Detailed Map of American Literature's Most Epic Road Trips,https://www.atlasobscura.com/articles/the-obsessively-detailed-map-of-american-literatures-most-epic-road-trips,"Jul 28, 2019","Fair Warning - Space, US road trips, and heatwaves"
What are the local news dynamics in your city?,https://www.journalism.org/interactives/local-news-habits/,"Jul 28, 2019","Fair Warning - Space, US road trips, and heatwaves"
Use These Maps To See How Much Hotter Your City Can Get Because Of “Heat Islands”,https://www.buzzfeednews.com/article/peteraldhous/summer-urban-heat-island-maps,"Jul 28, 2019","Fair Warning - Space, US road trips, and heatwaves"
Abortion access is more difficult for women in poverty,https://www.washingtonpost.com/national/2019/07/10/abortion-access-is-more-difficult-women-poverty/,"Jul 14, 2019","Fair Warning - Subway journeys, Serena Williams, and summer reading"
How Unpredictable Is Your Subway Commute? We’ll Show You,https://www.nytimes.com/interactive/2019/07/08/upshot/nyc-subway-variability-calculator.html,"Jul 14, 2019","Fair Warning - Subway journeys, Serena Williams, and summer reading"
Poll: 1 in 4 don't plan to retire despite realities of aging,https://www.apnews.com/e38b971fb04942eab297ffc9fa7f8d01,"Jul 14, 2019","Fair Warning - Subway journeys, Serena Williams, and summer reading"
How Each Country Contributed to the Explosion in Energy Consumption,https://www.bloomberg.com/graphics/2019-international-energy-use-renewables-coal-oil/,"Jul 14, 2019","Fair Warning - Subway journeys, Serena Williams, and summer reading"
These Are the World's Most Expensive Cities for Expats in 2019,https://www.bloomberg.com/graphics/2019-most-expensive-cities-for-expats/,"Jul 14, 2019","Fair Warning - Subway journeys, Serena Williams, and summer reading"
Net benefits: why Wimbledon’s tennis stars are getting older - and younger,https://www.ft.com/video/b7976514-feef-4f4f-a5ab-08a65469744e,"Jul 14, 2019","Fair Warning - Subway journeys, Serena Williams, and summer reading"
The Forbes Highest Paid Celebrities list visualised,https://www.reddit.com/r/dataisbeautiful/comments/ccnonu/the_forbes_highest_paid_celebrities_list/,"Jul 14, 2019","Fair Warning - Subway journeys, Serena Williams, and summer reading"
"If everyone had voted, Hillary Clinton would probably be president",https://www.economist.com/graphic-detail/2019/07/06/if-everyone-had-voted-hillary-clinton-would-probably-be-president,"Jul  7, 2019","Fair Warning - Lunar missions, President Clinton, and Amazon at 25"
"How 24,000 Tweets Tell You What the Democratic Presidential Candidates Care About",https://www.bloomberg.com/graphics/2020-democratic-presidential-candidate-policies/,"Jul  7, 2019","Fair Warning - Lunar missions, President Clinton, and Amazon at 25"
Why Nasa’s next Moon mission can’t be an Apollo retread,https://www.ft.com/content/5adc069a-9d27-11e9-b8ce-8b459ed04726,"Jul  7, 2019","Fair Warning - Lunar missions, President Clinton, and Amazon at 25"
"No One Picks Up the Phone, but Which Online Polls Are the Answer?",https://www.nytimes.com/2019/07/02/upshot/online-polls-analyzing-reliability.html,"Jul  7, 2019","Fair Warning - Lunar missions, President Clinton, and Amazon at 25"
Are extraterrestrials extra patriotic?,https://www.economist.com/graphic-detail/2019/07/04/are-extraterrestrials-extra-patriotic,"Jul  7, 2019","Fair Warning - Lunar missions, President Clinton, and Amazon at 25"
Increase in rents in Germany,https://www.zeit.de/wirtschaft/2019-01/mietpreise-immobilienmarkt-staedte-deutschlandkarte,"Jul  7, 2019","Fair Warning - Lunar missions, President Clinton, and Amazon at 25"
Mapping every vote: extremely detailed maps on the 2019 election,https://www.theguardian.com/australia-news/datablog/ng-interactive/2019/jul/03/mapping-every-vote-extremely-detailed-maps-on-the-2019-election,"Jul  7, 2019","Fair Warning - Lunar missions, President Clinton, and Amazon at 25"
Amazon at 25: The story of a giant,https://www.bbc.co.uk/news/business-48884596,"Jul  7, 2019","Fair Warning - Lunar missions, President Clinton, and Amazon at 25"
Nice that we have it cool inside. Only: It makes it even warmer outside,https://www.nzz.ch/wissenschaft/klimaanlagen-kuehlen-unser-buero-erwaermen-aber-die-erde-ld.1491731,"Jul  7, 2019","Fair Warning - Lunar missions, President Clinton, and Amazon at 25"
"Northern Powerhouse 'undermined' by austerity, five years on - BBC News",https://www.bbc.co.uk/news/uk-england-48664613,"Jun 23, 2019","Fair Warning - Healthcare, billionnaire tax cuts, and the Laffer curve"
Brexit Anniversary: Is the U.K. Economy Worse Off?,https://www.bloomberg.com/graphics/2019-brexit-referendum-anniversary/,"Jun 23, 2019","Fair Warning - Healthcare, billionnaire tax cuts, and the Laffer curve"
One Trump Tax Cut Was Meant to Help the Poor. A Billionaire Ended Up Winning Big,https://www.propublica.org/article/trump-inc-podcast-one-trump-tax-cut-meant-to-help-the-poor-a-billionaire-ended-up-winning-big,"Jun 23, 2019","Fair Warning - Healthcare, billionnaire tax cuts, and the Laffer curve"
Colorado’s Ski Towns Could Fix the High Cost of American Health Care,https://www.bloomberg.com/graphics/2019-colorado-new-healthcare-cost-plan/,"Jun 23, 2019","Fair Warning - Healthcare, billionnaire tax cuts, and the Laffer curve"
Democratic Presidential candidates quiz: how well do you know them? - Washington Post,https://www.washingtonpost.com/graphics/2019/politics/dem-candidates-recognition-quiz/,"Jun 23, 2019","Fair Warning - Healthcare, billionnaire tax cuts, and the Laffer curve"
Cities Start to Question an American Ideal: A House With a Yard on Every Lot - The New York Times,https://www.nytimes.com/interactive/2019/06/18/upshot/cities-across-america-question-single-family-zoning.html,"Jun 23, 2019","Fair Warning - Healthcare, billionnaire tax cuts, and the Laffer curve"
Can countries lower taxes and raise revenues?,https://www.economist.com/graphic-detail/2019/06/19/can-countries-lower-taxes-and-raise-revenues,"Jun 23, 2019","Fair Warning - Healthcare, billionnaire tax cuts, and the Laffer curve"
Town Twinning: Where our friends live,https://www.zeit.de/gesellschaft/zeitgeschehen/2019-05/staedtepartnerschaften-befreundete-staedte-und-gemeinden,"Jun 23, 2019","Fair Warning - Healthcare, billionnaire tax cuts, and the Laffer curve"
Grenfell Tower: Hundreds of buildings still have 'unsafe' cladding,https://www.bbc.co.uk/news/uk-england-48609595,"Jun 16, 2019","Fair Warning - Dirty coal, division, and dodgy charts"
"Divided, pessimistic, angry: survey reveals bleak mood of pre-Brexit UK",https://www.theguardian.com/politics/2019/jun/15/divided-pessimistic-angry-survey-reveals-bleak-mood-of-pre-brexit-uk,"Jun 16, 2019","Fair Warning - Dirty coal, division, and dodgy charts"
"Frauenstreik: Was passiert, wenn alle Schweizer Frauen streiken?",https://www.nzz.ch/wochenende/gesellschaft/frauenstreik-was-passiert-wenn-alle-schweizer-frauen-streiken-ld.1485250,"Jun 16, 2019","Fair Warning - Dirty coal, division, and dodgy charts"
Japan is the world’s third-largest coal-importing country,https://www.eia.gov/todayinenergy/detail.php,"Jun 16, 2019","Fair Warning - Dirty coal, division, and dodgy charts"
Killing Eve and the rise of the older screen queen,https://www.ft.com/content/26e4c6ac-8dc2-11e9-a24d-b42f641eca37,"Jun 16, 2019","Fair Warning - Dirty coal, division, and dodgy charts"
Revealed: one in five peers advise private business while serving in parliament,https://www.theguardian.com/politics/2019/may/31/revealed-one-in-five-peers-advise-private-business-while-serving-in-parliament,"Jun  9, 2019","Fair Warning - Census, Google results, and Eurovision"
Where a citizenship question could cause the census to miss millions of Hispanics — and why that’s a big deal,https://www.washingtonpost.com/politics/2019/06/06/where-citizenship-question-could-cause-census-miss-millions-hispanics-why-thats-big-deal/,"Jun  9, 2019","Fair Warning - Census, Google results, and Eurovision"
Republicans see made-up news as a bigger problem than Democrats,https://www.journalism.org/2019/06/05/republicans-see-made-up-news-as-a-bigger-problem-than-democrats-are-more-likely-to-blame-journalists/,"Jun  9, 2019","Fair Warning - Census, Google results, and Eurovision"
"Google rewards reputable reporting, not left-wing politics",https://www.economist.com/graphic-detail/2019/06/08/google-rewards-reputable-reporting-not-left-wing-politics,"Jun  9, 2019","Fair Warning - Census, Google results, and Eurovision"
See the drastic toll climate change is taking on our oceans,https://www.nationalgeographic.com/environment/2019/06/see-the-drastic-toll-climate-change-is-taking-on-our-oceans/,"Jun  9, 2019","Fair Warning - Census, Google results, and Eurovision"
This is how the Danes' voices have created a completely new political map,https://www.dr.dk/nyheder/webfeature/folketingsvalg-2019,"Jun  9, 2019","Fair Warning - Census, Google results, and Eurovision"
A new book says married women are miserable. Don’t believe it,https://www.vox.com/future-perfect/2019/6/4/18650969/married-women-miserable-fake-paul-dolan-happiness,"Jun  9, 2019","Fair Warning - Census, Google results, and Eurovision"
The Ups and Downs of the Pound Show May’s Turbulent Leadership,https://www.bloomberg.com/graphics/2019-theresa-may-pound/,"Jun  2, 2019","Fair Warning - Political segregation, mechanical maps, and migration"
English councils warned about 'exhausting' reserve cash,https://www.bbc.co.uk/news/uk-england-48280272,"Jun  2, 2019","Fair Warning - Political segregation, mechanical maps, and migration"
Centrist liberals gained the most power in the EU Parliament,https://www.economist.com/graphic-detail/2019/06/01/centrist-liberals-gained-the-most-power-in-the-eu-parliament,"Jun  2, 2019","Fair Warning - Political segregation, mechanical maps, and migration"
Scars of war in historical emission data,https://www.reddit.com/r/dataisbeautiful/comments/bvhf5q/scars_of_war_in_historical_emission_data_oc/,"Jun  2, 2019","Fair Warning - Political segregation, mechanical maps, and migration"
How Europe moves,https://www.torre.nl/EUmoves/,"Jun  2, 2019","Fair Warning - Political segregation, mechanical maps, and migration"
An Artist Who Channels Her Anger Into Pie Charts,https://www.nytimes.com/2019/05/21/t-magazine/christine-sun-kim-artist.html,"Jun  2, 2019","Fair Warning - Political segregation, mechanical maps, and migration"
"Private jails more violent than public ones, data analysis shows",https://www.theguardian.com/society/2019/may/13/private-jails-more-violent-than-public-prisons-england-wales-data-analysis,"May 26, 2019","Fair Warning - Marriage, MEPs, and mountains"
Charting Theresa May's premiership,https://www.instituteforgovernment.org.uk/charting-theresa-may-premiership,"May 26, 2019","Fair Warning - Marriage, MEPs, and mountains"
The power switch: tracking Britain's record coal-free run,https://www.theguardian.com/environment/ng-interactive/2019/may/25/the-power-switch-tracking-britains-record-coal-free-run,"May 26, 2019","Fair Warning - Marriage, MEPs, and mountains"
Republicans are struggling to fix America’s dysfunctional health-care system,https://www.economist.com/graphic-detail/2019/05/22/republicans-are-struggling-to-fix-americas-dysfunctional-health-care-system,"May 26, 2019","Fair Warning - Marriage, MEPs, and mountains"
The Trump administration struggles to confront the deadliest drug crisis in U.S. history,https://www.washingtonpost.com/graphics/2019/national/fentanyl-epidemic-trump-administration/,"May 26, 2019","Fair Warning - Marriage, MEPs, and mountains"
Did Congress read the Mueller report? More than a quarter of these key lawmakers won’t say,https://www.washingtonpost.com/graphics/2019/politics/who-read-the-mueller-report/,"May 26, 2019","Fair Warning - Marriage, MEPs, and mountains"
Elections in the EU: Europe from Left to Right,https://www.zeit.de/politik/ausland/2019-05/elections-in-europe-eu-countries-results-map-english,"May 26, 2019","Fair Warning - Marriage, MEPs, and mountains"
Scaling Mt. Everest: A scroll up the icy path,https://www.washingtonpost.com/graphics/world/scaling-everest/,"May 26, 2019","Fair Warning - Marriage, MEPs, and mountains"
Quality of Life and Cost of Living Around the World,https://www.reddit.com/r/dataisbeautiful/comments/bslfv2/oc_which_cities_are_the_best_deals_quality_of/,"May 26, 2019","Fair Warning - Marriage, MEPs, and mountains"
The Rise of the Summer Sequel,https://www.nytimes.com/interactive/2019/05/24/business/media/summer-sequels.html,"May 26, 2019","Fair Warning - Marriage, MEPs, and mountains"
"An illustrated guide to all 6,887 deaths in ‘Game of Thrones’",https://www.washingtonpost.com/graphics/entertainment/game-of-thrones/,"May 26, 2019","Fair Warning - Marriage, MEPs, and mountains"
Mapping America’s wicked weather and deadly disasters,https://www.washingtonpost.com/graphics/2019/national/mapping-disasters/,"May 19, 2019","Fair Warning - Climate change, beer, and wolves"
Louisiana Unveils Ambitious Plan to Help People Get Out of the Way of Climate Change,https://www.bloomberg.com/graphics/2019-louisiana-strategic-plan/,"May 19, 2019","Fair Warning - Climate change, beer, and wolves"
Is It Better to Rent or Buy?,https://www.nytimes.com/interactive/2014/upshot/buy-rent-calculator.html,"May 19, 2019","Fair Warning - Climate change, beer, and wolves"
Is There a Connection Between Undocumented Immigrants and Crime?,https://www.nytimes.com/2019/05/13/upshot/illegal-immigration-crime-rates-research.html,"May 19, 2019","Fair Warning - Climate change, beer, and wolves"
Where populists trumpet in Europe,https://www.spiegel.de/politik/ausland/populismus-in-diesen-laendern-sind-populisten-auf-dem-vormarsch-a-1263335.html,"May 19, 2019","Fair Warning - Climate change, beer, and wolves"
Das geteilte Land / The shared land,https://www.zeit.de/feature/mauerfall-das-geteilte-land,"May 19, 2019","Fair Warning - Climate change, beer, and wolves"
More and more wolves howl in Switzerland - and thus more and more Valais cattle ranchers,https://www.nzz.ch/schweiz/wolf-in-der-schweiz-wie-viele-woelfe-es-gibt-und-wieso-das-wallis-ueber-die-tiere-klagt-ld.1480232,"May 19, 2019","Fair Warning - Climate change, beer, and wolves"
Why beer snobs guzzle lagers they claim to dislike,https://www.economist.com/graphic-detail/2019/05/18/why-beer-snobs-guzzle-lagers-they-claim-to-dislike,"May 19, 2019","Fair Warning - Climate change, beer, and wolves"
How unprecedented is the decline of “Game of Thrones”?,https://www.economist.com/graphic-detail/2019/05/17/how-unprecedented-is-the-decline-of-game-of-thrones,"May 19, 2019","Fair Warning - Climate change, beer, and wolves"
Premier League: 11 of 20 clubs could have made profits in 2016-17 without fans at games,https://www.bbc.co.uk/sport/football/44850888,"May 13, 2019","Fair Warning - You feel it in your fingers, you feel it in your toes"
Over a third of graduates in Britain are too educated for their jobs,https://www.economist.com/graphic-detail/2019/05/06/over-a-third-of-graduates-in-britain-are-too-educated-for-their-jobs,"May 13, 2019","Fair Warning - You feel it in your fingers, you feel it in your toes"
Walking distance to the nearest pub,https://www.reddit.com/r/dataisbeautiful/comments/bnbc18/walking_distance_to_the_nearest_pub_oc/,"May 13, 2019","Fair Warning - You feel it in your fingers, you feel it in your toes"
Who are the biggest BSers?,https://www.economist.com/graphic-detail/2019/04/30/who-are-the-biggest-bullshitters,"May 13, 2019","Fair Warning - You feel it in your fingers, you feel it in your toes"
"Herding Cats: Scientists in Washington, D.C., Count the City’s Felines",https://www.wsj.com/articles/herding-cats-scientists-in-washington-d-c-count-the-citys-felines-11557487800,"May 13, 2019","Fair Warning - You feel it in your fingers, you feel it in your toes"
Joe Biden and the Rules of Human Touch,https://www.theatlantic.com/health/archive/2019/04/on-touch/586588/,"May 13, 2019","Fair Warning - You feel it in your fingers, you feel it in your toes"
Mapping Emotions in the Body,http://www.openculture.com/2019/05/mapping-emotions-in-the-body.html,"May 13, 2019","Fair Warning - You feel it in your fingers, you feel it in your toes"
Zapping Nuclear Waste in Minutes Is Nobel Winner’s Holy Grail Quest,https://www.bloomberg.com/graphics/2019-nuclear-waste-storage-france/,"May 13, 2019","Fair Warning - You feel it in your fingers, you feel it in your toes"
Council elections: 'Not enough' women and minorities stand,https://www.bbc.co.uk/news/uk-england-47947867,"May  6, 2019","Fair Warning - Automated cars, ageing Japan, and German migration"
UK local elections: what we learnt,https://www.ft.com/content/9e4c9056-6dc1-11e9-80c7-60ee53e6681d,"May  6, 2019","Fair Warning - Automated cars, ageing Japan, and German migration"
London vs England,https://www.theguardian.com/uk-news/ng-interactive/2019/may/06/london-v-england-where-does-your-area-fit-in-the-great-divide,"May  6, 2019","Fair Warning - Automated cars, ageing Japan, and German migration"
Forest Service Visitor Map,https://www.fs.fed.us/ivm/index.html,"May  6, 2019","Fair Warning - Automated cars, ageing Japan, and German migration"
"The million who left / Die Millionen, die gingen",https://www.zeit.de/politik/deutschland/2019-05/ost-west-wanderung-abwanderung-ostdeutschland-umzug,"May  6, 2019","Fair Warning - Automated cars, ageing Japan, and German migration"
Why xkcd-style graphs are important,https://www.chrisstucchio.com/blog/2014/why_xkcd_style_graphs_are_important.html,"May  6, 2019","Fair Warning - Automated cars, ageing Japan, and German migration"
How to make music out of the Mueller report redactions,https://www.pri.org/stories/2019-04-19/how-make-music-out-mueller-report-redactions,"Apr 21, 2019","Fair Warning - Keep hanging on, kid"
See Which Witnesses the Mueller Report Relied on Most,https://www.nytimes.com/interactive/2019/04/19/us/politics/mueller-report-citations.html,"Apr 21, 2019","Fair Warning - Keep hanging on, kid"
Why Notre-Dame Was a Tinderbox,https://www.nytimes.com/interactive/2019/04/17/world/europe/notre-dame-cathedral-fire-spread.html,"Apr 21, 2019","Fair Warning - Keep hanging on, kid"
Africa is the youngest continent,https://www.reddit.com/r/Infographics/comments/aulqu1/africa_is_the_youngest_continent/,"Apr 21, 2019","Fair Warning - Keep hanging on, kid"
A Post–World War I “Hunger Map of Europe”,https://www.reddit.com/r/MapPorn/comments/beri22/a_postworld_war_i_hunger_map_of_europe_aimed_at/,"Apr 21, 2019","Fair Warning - Keep hanging on, kid"
Not Your Grandmother’s Map,https://www.reddit.com/r/MapPorn/comments/bem5ga/not_your_grandmothers_map/,"Apr 21, 2019","Fair Warning - Keep hanging on, kid"
Trump Says the U.S. Is ‘Full.’ Much of the Nation Has the Opposite Problem,https://www.nytimes.com/2019/04/09/upshot/trump-america-full-or-emptying.html,"Apr 14, 2019",Fair Warning - Supermassive black hole
American inequality reflects gross incomes as much as taxes,https://www.economist.com/graphic-detail/2019/04/13/american-inequality-reflects-gross-incomes-as-much-as-taxes,"Apr 14, 2019",Fair Warning - Supermassive black hole
First Image Of A Black Hole Is Released By Massive Telescope Project,https://www.npr.org/2019/04/10/711723383/watch-earth-gets-its-first-look-at-a-black-hole,"Apr 14, 2019",Fair Warning - Supermassive black hole
The Herds of Europe,http://www.maartenlambrechts.com/2018/07/31/beasts-of-europe.html,"Apr 14, 2019",Fair Warning - Supermassive black hole
How Much 5-Star Hotels Cost in the Top 100 Destinations Around the World,https://www.asherfergusson.com/5-star-hotels/,"Apr 14, 2019",Fair Warning - Supermassive black hole
Soldiers who have come under fire often find God,https://www.economist.com/graphic-detail/2018/09/03/soldiers-who-have-come-under-fire-often-find-god,"Apr 14, 2019",Fair Warning - Supermassive black hole
IMF Forecasts Show It’s Hard to Predict the Global Economy,https://www.bloomberg.com/graphics/2019-imf-forecasts/,"Apr 14, 2019",Fair Warning - Supermassive black hole
The Witcher 3 is a sales revenue monster,https://www.tweaktown.com/news/61302/witcher-3-sales-revenue-monster/index.html,"Apr 14, 2019",Fair Warning - Supermassive black hole
Revealed: The most naked and violent Game Of Thrones characters,https://www.irishexaminer.com/breakingnews/world/revealed-the-most-naked-and-violent-game-of-thrones-characters-917370.html,"Apr 14, 2019",Fair Warning - Supermassive black hole
Falling through the gap: How the UK's gender pay gap sizes up,https://www.bbc.co.uk/news/resources/idt-a524dd3a-c09c-4f09-bc03-c5006d75ef96,"Apr  7, 2019",Fair Warning - All roads DO lead to Rome
The cost of living alone,https://www.ons.gov.uk/peoplepopulationandcommunity/birthsdeathsandmarriages/families/articles/thecostoflivingalone/2019-04-04,"Apr  7, 2019",Fair Warning - All roads DO lead to Rome
The race to become Britain’s next PM,https://www.economist.com/graphic-detail/2019/04/02/the-race-to-become-britains-next-pm,"Apr  7, 2019",Fair Warning - All roads DO lead to Rome
Sleep and Sleep Disorders,https://www.cdc.gov/sleep/data_statistics.html,"Apr  7, 2019",Fair Warning - All roads DO lead to Rome
Empathy through visualization,http://www.thefunctionalart.com/2019/03/empathy-through-visualization.html,"Apr  7, 2019",Fair Warning - All roads DO lead to Rome
How did your MP vote in the indicative votes?,https://www.theguardian.com/uk-news/ng-interactive/2019/mar/27/how-did-your-mp-vote-in-the-indicative-votes,"Mar 31, 2019","Fair Warning - Celibacy, beards, and anxiety"
People Kill People. But the Bullets Seem to Matter,https://www.nytimes.com/interactive/2019/03/27/upshot/deadly-bullets-guns.html,"Mar 31, 2019","Fair Warning - Celibacy, beards, and anxiety"
Boeing 737 Max: Map of Where Planes Went After Flights Grounded,https://www.bloomberg.com/graphics/2019-boeing-737-max-map-where-planes-went-after-grounded/,"Mar 31, 2019","Fair Warning - Celibacy, beards, and anxiety"
Are Men With Beards More Desirable?,https://www.nytimes.com/2017/05/17/well/family/are-men-with-beards-more-desirable.html,"Mar 31, 2019","Fair Warning - Celibacy, beards, and anxiety"
"Trump-linked US Christian ‘fundamentalists’ pour millions of ‘dark money’ into Europe, boosting the far right",https://www.opendemocracy.net/en/5050/revealed-trump-linked-us-christian-fundamentalists-pour-millions-of-dark-money-into-europe-boosting-the-far-right/,"Mar 31, 2019","Fair Warning - Celibacy, beards, and anxiety"
A decade of the Datablog: 'There's a human story behind every data point',https://www.theguardian.com/membership/datablog/2019/mar/23/a-decade-of-the-datablog-theres-a-human-story-behind-every-data-point,"Mar 31, 2019","Fair Warning - Celibacy, beards, and anxiety"
Making This Map of Panama,https://www.esri.com/arcgis-blog/products/arcgis-pro/mapping/making-this-map-of-panama/,"Mar 31, 2019","Fair Warning - Celibacy, beards, and anxiety"
Benefits spending: Five charts on the UK's £100bn bill,https://www.bbc.co.uk/news/business-47623277,"Mar 25, 2019",Fair Warning - Issue #74
Which occupations are at highest risk of being automated?,https://www.ons.gov.uk/employmentandlabourmarket/peopleinwork/employmentandemployeetypes/articles/whichoccupationsareathighestriskofbeingautomated/2019-03-25,"Mar 25, 2019",Fair Warning - Issue #74
L.A. promised more housing for homeless people — but some neighborhoods are way behind,https://www.latimes.com/local/lanow/la-me-ln-homeless-housing-hhh-20190320-story.html,"Mar 25, 2019",Fair Warning - Issue #74
How Does Your State Make Electricity?,https://www.nytimes.com/interactive/2018/12/24/climate/how-electricity-generation-changed-in-your-state.html,"Mar 25, 2019",Fair Warning - Issue #74
Economic growth does not guarantee rising happiness,https://www.economist.com/graphic-detail/2019/03/21/economic-growth-does-not-guarantee-rising-happiness,"Mar 25, 2019",Fair Warning - Issue #74
Sonification: turning the yield curve into music,https://www.ft.com/content/80269930-40c3-11e9-b896-fe36ec32aece,"Mar 25, 2019",Fair Warning - Issue #74
Right to Buy homes made £2.8m in profit 'in weeks',https://www.bbc.co.uk/news/uk-47443183,"Mar 17, 2019","Fair Warning - Inequality, populism, and battleground Texas"
Why Texas Is Nearing Battleground Status (It’s Not Just About Beto),https://www.nytimes.com/2019/03/14/upshot/beto-2020-texas-battleground-white-voters.html,"Mar 17, 2019","Fair Warning - Inequality, populism, and battleground Texas"
These five maps reveal how transit and geography can shape a city,https://www.nationalgeographic.com/magazine/2019/04/maps-show-how-public-transit-and-geography-shape-cities/,"Mar 17, 2019","Fair Warning - Inequality, populism, and battleground Texas"
EU Elections: Will Populists Win or Have They Peaked?,https://www.bloomberg.com/graphics/2019-european-parliament-populism/,"Mar 17, 2019","Fair Warning - Inequality, populism, and battleground Texas"
This word map of emotions not in the english language,https://www.reddit.com/r/DataArt/comments/auf7rj/this_word_map_of_emotions_not_in_the_english/,"Mar 17, 2019","Fair Warning - Inequality, populism, and battleground Texas"
Leonardo DiCaprio Refuses to Date a Woman Over 25,https://www.reddit.com/r/dataisbeautiful/comments/azjti7/leonardo_dicaprio_refuses_to_date_a_woman_over_25/,"Mar 17, 2019","Fair Warning - Inequality, populism, and battleground Texas"
Coblis — Color Blindness Simulator,http://www.color-blindness.com/coblis-color-blindness-simulator/,"Mar 17, 2019","Fair Warning - Inequality, populism, and battleground Texas"
The Women of Data Viz,https://www.informationisbeautifulawards.com/showcase/3269-the-women-of-data-viz,"Mar 17, 2019","Fair Warning - Inequality, populism, and battleground Texas"
Profiles of a divided country - Build a British voter,https://www.economist.com/graphic-detail/2019/02/22/profiles-of-a-divided-country,"Feb 25, 2019",Fair Warning - The extraterrestrials are out there
Gender pay gap grows at hundreds of big firms,https://www.bbc.co.uk/news/business-47252848,"Feb 25, 2019",Fair Warning - The extraterrestrials are out there
Deaths of homeless people in England and Wales – local authority estimates,https://www.ons.gov.uk/peoplepopulationandcommunity/birthsdeathsandmarriages/deaths/bulletins/deathsofhomelesspeopleinenglandandwales/localauthorityestimates2013to2017,"Feb 25, 2019",Fair Warning - The extraterrestrials are out there
British voters are unimpressed by Theresa May’s Brexit deal - The centre cannot hold,https://www.economist.com/graphic-detail/2019/02/23/british-voters-are-unimpressed-by-theresa-mays-brexit-deal,"Feb 25, 2019",Fair Warning - The extraterrestrials are out there
Too Far from Jobs: Spatial Mismatch and Hourly Workers,https://www.urban.org/features/too-far-jobs-spatial-mismatch-and-hourly-workers,"Feb 25, 2019",Fair Warning - The extraterrestrials are out there
How the Upper Middle Class Is Really Doing,https://www.nytimes.com/2019/02/24/opinion/income-inequality-upper-middle-class.html,"Feb 25, 2019",Fair Warning - The extraterrestrials are out there
Extraterrestrial life probably exists. How do we search for aliens?,https://www.nationalgeographic.com/magazine/2019/03/extraterrestrial-life-probably-exists-how-do-we-search-for-aliens/,"Feb 25, 2019",Fair Warning - The extraterrestrials are out there
The British-Irish Dialect Quiz,https://www.nytimes.com/interactive/2019/02/15/upshot/british-irish-dialect-quiz.html,"Feb 17, 2019","Fair Warning - Dialects, egg shapes, and the race to 2020"
Brexit motion: How did my MP vote?,https://www.bbc.co.uk/news/uk-politics-47243407,"Feb 17, 2019","Fair Warning - Dialects, egg shapes, and the race to 2020"
A406 North Circular Road 'most congested' in the UK,https://www.bbc.co.uk/news/uk-england-47175799,"Feb 17, 2019","Fair Warning - Dialects, egg shapes, and the race to 2020"
"Yes, It Is Really Early for So Many Democrats to Have Joined the 2020 Race",https://www.nytimes.com/interactive/2019/02/14/us/politics/2020-democratic-candidates-president.html,"Feb 17, 2019","Fair Warning - Dialects, egg shapes, and the race to 2020"
How to find out if someone's single this Valentine's Day,https://www.theguardian.com/news/datablog/2019/feb/13/valentines-day-who-is-single,"Feb 17, 2019","Fair Warning - Dialects, egg shapes, and the race to 2020"
Trump’s Emergency Declaration Is the First Since 9/11 to Authorize Military Action,https://www.nytimes.com/interactive/2019/02/15/us/list-of-national-emergencies.html,"Feb 17, 2019","Fair Warning - Dialects, egg shapes, and the race to 2020"
Why Italy’s Debts Are Europe’s Big Problem,https://www.bloomberg.com/graphics/2019-italian-banks/,"Feb 17, 2019","Fair Warning - Dialects, egg shapes, and the race to 2020"
Where to live if you're young: Local areas ranked for under-26s,https://www.bbc.co.uk/news/newsbeat-46815257,"Feb 11, 2019","Fair Warning - Public transport, breweries, and Titanic visualisations"
Where Europe Would Be Hurt Most by a No-Deal Brexit,https://www.nytimes.com/interactive/2019/02/07/world/europe/brexit-impact-on-european-union.html,"Feb 11, 2019","Fair Warning - Public transport, breweries, and Titanic visualisations"
“Birmingham isn’t a big city at peak times”: How poor public transport explains the UK’s productivity puzzle,https://www.citymetric.com/transport/birmingham-isn-t-big-city-peak-times-how-poor-public-transport-explains-uk-s-productivity,"Feb 11, 2019","Fair Warning - Public transport, breweries, and Titanic visualisations"
A map of how Romans saw the world,https://www.reddit.com/r/MapPorn/comments/8kvjhw/a_map_of_how_romans_saw_the_world/,"Feb 11, 2019","Fair Warning - Public transport, breweries, and Titanic visualisations"
"""Turns out people really like Game of Thrones""",https://www.reddit.com/r/dataisbeautiful/comments/ap759w/i_made_an_interactive_scatterplot_of_all_387000/,"Feb 11, 2019","Fair Warning - Public transport, breweries, and Titanic visualisations"
Britons mainly honour Dry January in the breach,https://www.economist.com/graphic-detail/2019/01/30/britons-mainly-honour-dry-january-in-the-breach,"Feb  3, 2019","Fair Warning - Dry January, paths to power, and tile maps"
The Freddo Index,https://www.vouchercloud.com/resources/the-freddo-index,"Feb  3, 2019","Fair Warning - Dry January, paths to power, and tile maps"
Paths to Power: How Every Member Got to Congress,https://www.nytimes.com/interactive/2019/01/26/opinion/sunday/paths-to-congress.html,"Feb  3, 2019","Fair Warning - Dry January, paths to power, and tile maps"
Population density in the U.S. (1790 - 2010),https://www.vividmaps.com/2018/02/animated-map-population-density-u-s-1790-2010.html,"Feb  3, 2019","Fair Warning - Dry January, paths to power, and tile maps"
The Lifespan of News Stories,https://www.newslifespan.com/,"Feb  3, 2019","Fair Warning - Dry January, paths to power, and tile maps"
Older drivers: Is age a factor behind the wheel?,https://www.bbc.co.uk/news/uk-46916429,"Jan 20, 2019","Fair Warning - Elderly drivers, football managers, and the river Ganges"
Are UK house prices heading for a post-Brexit meltdown?,https://www.ft.com/content/54f5f390-19af-11e9-9e64-d150b3105d21,"Jan 20, 2019","Fair Warning - Elderly drivers, football managers, and the river Ganges"
"The Economic Damage of Brexit, in Charts",https://www.bloomberg.com/opinion/articles/2019-01-14/the-economic-damage-of-brexit-in-charts,"Jan 20, 2019","Fair Warning - Elderly drivers, football managers, and the river Ganges"
U.S.-Mexico border: An interactive look at the barriers that divide these two countries,https://www.washingtonpost.com/graphics/2018/national/us-mexico-border-flyover/,"Jan 20, 2019","Fair Warning - Elderly drivers, football managers, and the river Ganges"
'I'm Falling Apart': Shutdown Squeeze Tightens For Low-Wage Workers,https://www.npr.org/2019/01/19/686299832/i-m-falling-apart-shutdown-squeeze-tightens-for-low-wage-workers,"Jan 20, 2019","Fair Warning - Elderly drivers, football managers, and the river Ganges"
It’s Not Easy to Map the 100 Largest Islands in the World,https://www.atlasobscura.com/articles/what-are-the-100-largest-islands-in-the-world,"Jan 20, 2019","Fair Warning - Elderly drivers, football managers, and the river Ganges"
World Values Survey Database,http://www.worldvaluessurvey.org/wvs.jsp,"Jan 20, 2019","Fair Warning - Elderly drivers, football managers, and the river Ganges"
Managers in football matter much less than most fans think,https://www.economist.com/graphic-detail/2019/01/19/managers-in-football-matter-much-less-than-most-fans-think,"Jan 20, 2019","Fair Warning - Elderly drivers, football managers, and the river Ganges"
U.S.-Mexico border: An interactive look at the barriers that divide these two countries - Washington Post,https://www.washingtonpost.com/graphics/2018/national/us-mexico-border-flyover/,"Jan 20, 2019","Fair Warning - Elderly drivers, football managers, and the river Ganges"
Climate change: Which vegan milk is best?,https://www.bbc.co.uk/news/science-environment-46654042,"Jan 14, 2019",Fair Warning - The New Year Edition
Theresa May prepares for a drubbing - Tories are revolting,https://www.economist.com/britain/2019/01/14/theresa-may-prepares-for-a-drubbing,"Jan 14, 2019",Fair Warning - The New Year Edition
More Americans Voted in the Midterm Elections Than You Thought,https://www.bloomberg.com/graphics/2018-midterm-election-turnout-shifts/,"Jan 14, 2019",Fair Warning - The New Year Edition
All the Rivers & Streams in the U.S. Shown in Rainbow Colours,http://www.openculture.com/2017/06/river-basins-of-the-us-in-wonderful-rainbow-colours-a-data-visualization-to-behold.html,"Jan 14, 2019",Fair Warning - The New Year Edition
The Wall Is Not Popular. (And Neither Is Trump.),https://www.nytimes.com/2019/01/12/upshot/trump-border-wall-polls.html,"Jan 14, 2019",Fair Warning - The New Year Edition
"The internet, but not as we know it: life online in China, Russia, Cuba and India",https://www.theguardian.com/technology/ng-interactive/2019/jan/11/the-internet-but-not-as-we-know-it-life-online-in-china-russia-cuba-and-india,"Jan 14, 2019",Fair Warning - The New Year Edition
"German train-delay scarf sells for €7,550 on eBay",https://www.theguardian.com/world/2019/jan/14/german-train-delay-scarf-ebay-commute,"Jan 14, 2019",Fair Warning - The New Year Edition
Boys at school: what the numbers show,https://www.ft.com/content/d53298f8-fe2d-11e8-ac00-57a2a826423e,"Dec 16, 2018","Fair Warning - Hamsters, climate footprints, and a white Christmas"
The Rivals Jostling to Replace Theresa May,https://www.bloomberg.com/graphics/2018-tory-conference/,"Dec 16, 2018","Fair Warning - Hamsters, climate footprints, and a white Christmas"
8 Places Where Smartphones Tracked People’s Movements,https://www.nytimes.com/2018/12/15/business/location-tracking-phones.html,"Dec 16, 2018","Fair Warning - Hamsters, climate footprints, and a white Christmas"
How rocket launches like SpaceX’s Falcon Heavy affect air traffic,https://www.washingtonpost.com/graphics/2018/business/spacex-falcon-heavy-launch-faa-air-traffic/,"Dec 16, 2018","Fair Warning - Hamsters, climate footprints, and a white Christmas"
Meat or two veg? Find out your food’s climate footprint,https://www.bbc.co.uk/news/science-environment-46459714,"Dec 16, 2018","Fair Warning - Hamsters, climate footprints, and a white Christmas"
Why ticket prices on long-haul flights have plummeted,https://www.economist.com/graphic-detail/2018/12/08/why-ticket-prices-on-long-haul-flights-have-plummeted,"Dec 16, 2018","Fair Warning - Hamsters, climate footprints, and a white Christmas"
The music industry should be dreaming of a white Christmas,https://www.economist.com/graphic-detail/2017/11/30/the-music-industry-should-be-dreaming-of-a-white-christmas,"Dec 16, 2018","Fair Warning - Hamsters, climate footprints, and a white Christmas"
How much do hamsters run?,https://www.reddit.com/r/dataisbeautiful/comments/a5v0cm/how_much_do_hamsters_run_a_heatmap_oc/,"Dec 16, 2018","Fair Warning - Hamsters, climate footprints, and a white Christmas"
Revealed: Government Fails To Count Hundreds Of Thousands Of Rough Sleepers,https://www.huffingtonpost.co.uk/entry/rough-sleepers-missed-off-government-official-data_uk_5bdb4ed1e4b01ffb1d007418,"Nov 26, 2018","Fair Warning - Campaign logos, homelessness, and the safest skies"
How green is your street?,https://www.ons.gov.uk/economy/environmentalaccounts/articles/howgreenisyourstreet/2018-11-19,"Nov 26, 2018","Fair Warning - Campaign logos, homelessness, and the safest skies"
"Check NHS cancer, A&E, ops and mental health targets in your area",https://www.bbc.co.uk/news/health-41483322,"Nov 26, 2018","Fair Warning - Campaign logos, homelessness, and the safest skies"
"The 2018 midterms in campaign logos, all 900 of them",https://www.washingtonpost.com/graphics/2018/politics/political-logos/,"Nov 26, 2018","Fair Warning - Campaign logos, homelessness, and the safest skies"
Practice makes perfect: Carve this virtual turkey,https://www.washingtonpost.com/graphics/2018/food/how-to-carve-a-turkey-augmented-reality/,"Nov 26, 2018","Fair Warning - Campaign logos, homelessness, and the safest skies"
Why men who make less than their wives lie about their earnings,https://www.economist.com/graphic-detail/2018/11/19/why-men-who-make-less-than-their-wives-lie-about-their-earnings,"Nov 26, 2018","Fair Warning - Campaign logos, homelessness, and the safest skies"
Practice makes perfect: Carve this virtual turkey - Washington Post,https://www.washingtonpost.com/graphics/2018/food/how-to-carve-a-turkey-augmented-reality/,"Nov 26, 2018","Fair Warning - Campaign logos, homelessness, and the safest skies"
"The 2018 midterms in campaign logos, all 900 of them - Washington Post",https://www.washingtonpost.com/graphics/2018/politics/political-logos/,"Nov 26, 2018","Fair Warning - Campaign logos, homelessness, and the safest skies"
Brexit: Where we are in eight charts,https://www.bbc.co.uk/news/uk-46234602,"Nov 18, 2018","Fair Warning - Agony aunts, crime, and tracking America"
Is rent cheaper in the next street? Use our map to find out,https://www.bbc.co.uk/news/business-46071726,"Nov 18, 2018","Fair Warning - Agony aunts, crime, and tracking America"
How much do you really know about crime?,https://www.ons.gov.uk/peoplepopulationandcommunity/crimeandjustice/articles/howmuchdoyoureallyknowaboutcrime/2018-11-06,"Nov 18, 2018","Fair Warning - Agony aunts, crime, and tracking America"
Tracking America in the age of Trump,https://www.economist.com/graphic-detail/2018/11/06/tracking-america-in-the-age-of-trump,"Nov 18, 2018","Fair Warning - Agony aunts, crime, and tracking America"
Obama-Trump voters turn back to Democrats,https://www.economist.com/graphic-detail/2018/11/16/obama-trump-voters-turn-back-to-democrats,"Nov 18, 2018","Fair Warning - Agony aunts, crime, and tracking America"
California Air Quality Tracker,https://www.nytimes.com/interactive/2018/11/16/upshot/california-smoke-map.html,"Nov 18, 2018","Fair Warning - Agony aunts, crime, and tracking America"
Europe's most densely populated square kilometres - mapped,https://www.theguardian.com/cities/gallery/2018/mar/22/most-densely-populated-square-kilometres-europe-mapped,"Nov 18, 2018","Fair Warning - Agony aunts, crime, and tracking America"
Apple’s New Map,https://www.justinobeirne.com/new-apple-maps,"Nov 18, 2018","Fair Warning - Agony aunts, crime, and tracking America"
MPs sign up for £2m of free overseas trips,https://www.bbc.co.uk/news/uk-politics-45883411,"Oct 28, 2018","Fair Warning - ATMs, population maps, and mid-terms"
Banks closures: 13 million people have lost half of local branches,https://www.bbc.co.uk/news/uk-england-45641217,"Oct 28, 2018","Fair Warning - ATMs, population maps, and mid-terms"
"Map of the series of earthquakes reported in the days since fracking has resumed in the Blackpool area, after a seven year hiatus",https://www.reddit.com/r/dataisbeautiful/comments/9r37lf/map_of_the_series_of_earthquakes_reported_in_the/,"Oct 28, 2018","Fair Warning - ATMs, population maps, and mid-terms"
Which state legislatures might go blue this fall,https://www.washingtonpost.com/graphics/2018/politics/state-races-18-outlook/,"Oct 28, 2018","Fair Warning - ATMs, population maps, and mid-terms"
A Map of Every Building in America,https://www.nytimes.com/interactive/2018/10/12/us/map-of-every-building-in-the-united-states.html,"Oct 28, 2018","Fair Warning - ATMs, population maps, and mid-terms"
Switching to plant-based protein could increase America’s food supply by a third,https://www.economist.com/graphic-detail/2018/10/16/switching-to-plant-based-protein-could-increase-americas-food-supply-by-a-third,"Oct 28, 2018","Fair Warning - ATMs, population maps, and mid-terms"
"Manhattan, Brooklyn & Queens Real Estate Hot Spots",https://www.bloomberg.com/graphics/property-prices/nyc/,"Oct 28, 2018","Fair Warning - ATMs, population maps, and mid-terms"
Where does rent hit young people the hardest in Britain?,https://www.bbc.co.uk/news/business-45559456,"Oct  7, 2018","Fair Warning - Bitcoin, tech diversity, and a mysterious dinosaur"
A Forest of Funders,https://www.informationisbeautifulawards.com/showcase/3393-a-forest-of-funders,"Oct  7, 2018","Fair Warning - Bitcoin, tech diversity, and a mysterious dinosaur"
"Migrants contribute more to Britain than they take, and will carry on doing so",https://www.economist.com/graphic-detail/2018/09/26/migrants-contribute-more-to-britain-than-they-take-and-will-carry-on-doing-so,"Oct  7, 2018","Fair Warning - Bitcoin, tech diversity, and a mysterious dinosaur"
Polling the 2018 Midterm Elections in Real Time,https://www.nytimes.com/interactive/2018/upshot/elections-polls.html,"Oct  7, 2018","Fair Warning - Bitcoin, tech diversity, and a mysterious dinosaur"
A mystery dinosaur in the nation’s basement,https://www.washingtonpost.com/graphics/2018/national/smithsonian-dinosaur-augmented-reality/,"Oct  7, 2018","Fair Warning - Bitcoin, tech diversity, and a mysterious dinosaur"
From Pizza To Lambos: Charting Bitcoin’s First Decade,https://www.bloomberg.com/graphics/2018-bitcoin-anniversary/,"Oct  7, 2018","Fair Warning - Bitcoin, tech diversity, and a mysterious dinosaur"
Gender parity in science is an uphill struggle,https://www.economist.com/graphic-detail/2018/10/03/gender-parity-in-science-is-an-uphill-struggle,"Oct  7, 2018","Fair Warning - Bitcoin, tech diversity, and a mysterious dinosaur"
All the plastic you can and cannot recycle,https://www.bbc.co.uk/news/science-environment-45496884,"Sep 23, 2018",Fair Warning - Why is recycling plastic so difficult?
Baby names: where you live could shape what you call your baby,https://www.ons.gov.uk/peoplepopulationandcommunity/birthsdeathsandmarriages/livebirths/articles/babynameswhereyoulivecouldshapewhatyoucallyourbaby/2018-09-21,"Sep 23, 2018",Fair Warning - Why is recycling plastic so difficult?
Most Brexit bills are caught up in a slow legislative grind,https://www.economist.com/graphic-detail/2018/09/05/most-brexit-bills-are-caught-up-in-a-slow-legislative-grind,"Sep 23, 2018",Fair Warning - Why is recycling plastic so difficult?
Florence path: Tracking hurricane impact times and maps,https://www.washingtonpost.com/graphics/2018/national/tracking-hurricane-florence/,"Sep 23, 2018",Fair Warning - Why is recycling plastic so difficult?
Democrats turn to female candidates in 2018,https://www.economist.com/graphic-detail/2018/09/21/democrats-turn-to-female-candidates-in-2018,"Sep 23, 2018",Fair Warning - Why is recycling plastic so difficult?
See Inside Typhoon Mangkhut in 3-D,https://www.nytimes.com/interactive/2018/09/15/world/asia/super-typhoon-mangkhut-ompong-storm.html,"Sep 23, 2018",Fair Warning - Why is recycling plastic so difficult?
13 facts you didn't know about the Minard map,https://www.chezvoila.com/blog/minard-map,"Sep 23, 2018",Fair Warning - Why is recycling plastic so difficult?
How Much Hotter Is Your Hometown Than When You Were Born?,https://www.nytimes.com/interactive/2018/08/30/climate/how-much-hotter-is-your-hometown.html,"Sep  2, 2018","Fair Warning - Climate change, lottery wins and ...emo (//_^)"
How Modern Medicine Has Changed the Supreme Court,https://www.nytimes.com/2018/08/31/upshot/supreme-court-longevity-lifetime-appointments.html,"Sep  2, 2018","Fair Warning - Climate change, lottery wins and ...emo (//_^)"
Money Really Does Lead to a More Satisfying Life,https://www.nytimes.com/2018/08/24/business/money-satisfaction-lottery-study.html,"Sep  2, 2018","Fair Warning - Climate change, lottery wins and ...emo (//_^)"
Gun violence has killed 6.5m people worldwide since 1990,https://www.economist.com/graphic-detail/2018/08/30/gun-violence-has-killed-65m-people-worldwide-since-1990,"Sep  2, 2018","Fair Warning - Climate change, lottery wins and ...emo (//_^)"
Britain edges closer to a hard Brexit,https://www.economist.com/graphic-detail/2018/08/21/britain-edges-closer-to-a-hard-brexit,"Aug 26, 2018",Fair Warning - Not dead yet
Special counsel indictments: Who has Mueller charged so far?,https://www.washingtonpost.com/graphics/2017/national/robert-mueller-special-counsel-indictments-timeline/,"Aug 26, 2018",Fair Warning - Not dead yet
"Bleak New Estimates in Drug Epidemic: A Record 72,000 Overdose Deaths in 2017",https://www.nytimes.com/2018/08/15/upshot/opioids-overdose-deaths-rising-fentanyl.html,"Aug 26, 2018",Fair Warning - Not dead yet
Aerial photos reveal the stark divide between rich and poor,https://www.bbc.co.uk/news/in-pictures-45257901,"Aug 26, 2018",Fair Warning - Not dead yet
Vienna overtakes Melbourne as the world’s most liveable city,https://www.economist.com/graphic-detail/2018/08/14/vienna-overtakes-melbourne-as-the-worlds-most-liveable-city,"Aug 26, 2018",Fair Warning - Not dead yet
Madonna at 60: The Queen of Pop in seven charts,https://www.bbc.co.uk/news/entertainment-arts-45112992,"Aug 26, 2018",Fair Warning - Not dead yet
Burning Man 2018: How a festival became a culture,https://www.washingtonpost.com/graphics/2018/lifestyle/burning-man/,"Aug 26, 2018",Fair Warning - Not dead yet
What’s the Right Number of Taxis (or Uber or Lyft Cars) in a City?,https://www.nytimes.com/2018/08/10/upshot/uber-lyft-taxi-ideal-number-per-city.html,"Aug 26, 2018",Fair Warning - Not dead yet
Live CO2 emissions of electricity consumption,https://www.electricitymap.org/,"Aug 26, 2018",Fair Warning - Not dead yet
Grammar schools: Thousands of new places created,https://www.bbc.co.uk/news/education-44727857,"Aug  5, 2018","Fair Warning - Land use, gender gaps, and GDP"
Northamptonshire council plans cuts to all services and workforce,https://www.theguardian.com/society/2018/aug/02/northamptonshire-council-plans-drastic-job-losses-and-cuts-to-all-services,"Aug  5, 2018","Fair Warning - Land use, gender gaps, and GDP"
Economics with Subtitles: How buying cocaine helps the government,https://www.bbc.co.uk/programmes/b0bd6jj7,"Aug  5, 2018","Fair Warning - Land use, gender gaps, and GDP"
An acrimonious divorce from the EU looks increasingly likely for Britain,https://www.economist.com/graphic-detail/2018/08/03/an-acrimonious-divorce-from-the-eu-looks-increasingly-likely-for-britain,"Aug  5, 2018","Fair Warning - Land use, gender gaps, and GDP"
Here's How America Uses Its Land,https://www.bloomberg.com/graphics/2018-us-land-use/,"Aug  5, 2018","Fair Warning - Land use, gender gaps, and GDP"
A Census Question That Could Change How Power Is Divided in America,https://www.nytimes.com/2018/07/31/upshot/Census-question-citizenship-power.html,"Aug  5, 2018","Fair Warning - Land use, gender gaps, and GDP"
The Age That Women Have Babies: How a Gap Divides America,https://www.nytimes.com/interactive/2018/08/04/upshot/up-birth-age-gap.html,"Aug  5, 2018","Fair Warning - Land use, gender gaps, and GDP"
The rise and the rainfall of the Roman empire,https://www.economist.com/graphic-detail/2018/08/01/the-rise-and-the-rainfall-of-the-roman-empire,"Aug  5, 2018","Fair Warning - Land use, gender gaps, and GDP"
Millions to face hosepipe ban in north-west England,https://www.bbc.co.uk/news/uk-england-44850128,"Jul 22, 2018","Fair Warning - Broadband speeds, a beer roadtrip, and blue waves"
A Democratic Blue Wave? Don’t Forget the Republicans’ Big Hill,https://www.nytimes.com/interactive/2018/07/19/upshot/democrats-midterm-elections.html,"Jul 22, 2018","Fair Warning - Broadband speeds, a beer roadtrip, and blue waves"
"After Parkland, gun-control advocates see a turning point for new state laws",https://www.washingtonpost.com/news/the-fix/wp/2018/07/21/after-parkland-gun-control-advocates-see-a-turning-point-for-new-state-gun-control-laws/,"Jul 22, 2018","Fair Warning - Broadband speeds, a beer roadtrip, and blue waves"
Why some accents don’t work on Alexa or Google Home,https://www.washingtonpost.com/graphics/2018/business/alexa-does-not-understand-your-accent/,"Jul 22, 2018","Fair Warning - Broadband speeds, a beer roadtrip, and blue waves"
How ‘Stranger Things’ subverts classic 80s movie tropes,https://www.washingtonpost.com/graphics/2017/entertainment/how-stranger-things-subverts-tropes/,"Jul 22, 2018","Fair Warning - Broadband speeds, a beer roadtrip, and blue waves"
The jaw-dropping amount Birmingham is owed in unpaid council tax,https://www.birminghammail.co.uk/news/midlands-news/jaw-dropping-amount-birmingham-owed-14835956,"Jul  8, 2018",Fair Warning - ᶠᵒᵒᵗᵇᵃᶫᶫ'ˢ ᶜᵒᵐᶦᶰᵍ ʰᵒᵐᵉ
"For 2018 World Cup predictors, football is coming home",https://www.economist.com/graphic-detail/2018/07/05/for-2018-world-cup-predictors-football-is-coming-home,"Jul  8, 2018",Fair Warning - ᶠᵒᵒᵗᵇᵃᶫᶫ'ˢ ᶜᵒᵐᶦᶰᵍ ʰᵒᵐᵉ
NHS at 70: how well do you know the health service?,https://www.theguardian.com/society/ng-interactive/2018/jul/02/nhs-at-70-how-well-do-you-know-the-health-service,"Jul  8, 2018",Fair Warning - ᶠᵒᵒᵗᵇᵃᶫᶫ'ˢ ᶜᵒᵐᶦᶰᵍ ʰᵒᵐᵉ
"FIFA, We Fixed Your World Cup Collusion Problem for You",https://www.nytimes.com/2018/06/26/upshot/world-cup-fifa-collusion-readers.html,"Jul  8, 2018",Fair Warning - ᶠᵒᵒᵗᵇᵃᶫᶫ'ˢ ᶜᵒᵐᶦᶰᵍ ʰᵒᵐᵉ
"Trump’s trade war: How washing machines, solar panels, steel and aluminum have been impacted",https://www.washingtonpost.com/graphics/2018/business/trump-tariff-trade-war/,"Jul  8, 2018",Fair Warning - ᶠᵒᵒᵗᵇᵃᶫᶫ'ˢ ᶜᵒᵐᶦᶰᵍ ʰᵒᵐᵉ
Red-hot planet: All-time heat records have been set all over the world during the past week,https://www.washingtonpost.com/news/capital-weather-gang/wp/2018/07/03/hot-planet-all-time-heat-records-have-been-set-all-over-the-world-in-last-week/,"Jul  8, 2018",Fair Warning - ᶠᵒᵒᵗᵇᵃᶫᶫ'ˢ ᶜᵒᵐᶦᶰᵍ ʰᵒᵐᵉ
Social site terms tougher than Dickens,https://www.bbc.co.uk/news/business-44599968,"Jul  8, 2018",Fair Warning - ᶠᵒᵒᵗᵇᵃᶫᶫ'ˢ ᶜᵒᵐᶦᶰᵍ ʰᵒᵐᵉ
Thai cave rescue: What next for the trapped boys?,https://www.bbc.co.uk/news/world-asia-44695232,"Jul  8, 2018",Fair Warning - ᶠᵒᵒᵗᵇᵃᶫᶫ'ˢ ᶜᵒᵐᶦᶰᵍ ʰᵒᵐᵉ
This World Cup gadget will tell you who you should really support,https://www.belfastlive.co.uk/sport/football/football-news/world-cup-gadget-tell-you-14826508,"Jul  8, 2018",Fair Warning - ᶠᵒᵒᵗᵇᵃᶫᶫ'ˢ ᶜᵒᵐᶦᶰᵍ ʰᵒᵐᵉ
Warburton's shuts crumpet plants due to CO2 shortage,https://www.bbc.co.uk/news/business-44644407,"Jul  1, 2018",Fair Warning - More maps than you can shake a stick at
How does a Supreme Court justice get confirmed? Trump’s pick will need Senate OK,https://www.washingtonpost.com/graphics/2018/politics/supreme-court-justice-nominations/,"Jul  1, 2018",Fair Warning - More maps than you can shake a stick at
Why Aren’t More Men Working?,https://www.nytimes.com/2018/06/15/business/men-unemployment-jobs.html,"Jul  1, 2018",Fair Warning - More maps than you can shake a stick at
The Outstanding Goals of Ronaldo and Kroos as You’ve Never Seen Them,https://www.nytimes.com/interactive/2018/06/29/sports/world-cup/kroos-ronaldo-world-cup-goals.html,"Jul  1, 2018",Fair Warning - More maps than you can shake a stick at
World Cup: the story so far in five charts,https://www.ft.com/content/e0883dfa-7abd-11e8-8e67-1e1a0846c475,"Jul  1, 2018",Fair Warning - More maps than you can shake a stick at
How the FT newsroom designs maps,https://www.ft.com/content/35188c6a-4870-11e8-8ee8-cae73aab7ccb,"Jul  1, 2018",Fair Warning - More maps than you can shake a stick at
Which university courses boost graduates' wages the most?,https://www.bbc.co.uk/news/education-44413086,"Jun 17, 2018",Fair Warning - We don't need no education
Which traits predict graduates’ earnings?,https://www.economist.com/graphic-detail/2018/06/15/which-traits-predict-graduates-earnings,"Jun 17, 2018",Fair Warning - We don't need no education
"Where Boys Outperform Girls in Math: Rich, White and Suburban Districts",https://www.nytimes.com/interactive/2018/06/13/upshot/boys-girls-math-reading-tests.html,"Jun 17, 2018",Fair Warning - We don't need no education
80 years of summits in seven charts,https://www.economist.com/graphic-detail/2018/06/11/80-years-of-summits-in-seven-charts,"Jun 17, 2018",Fair Warning - We don't need no education
What does it mean to be a NASA astronaut in the celebrity space age of Elon Musk and Richard Branson?,https://www.washingtonpost.com/news/business/wp/2018/06/15/feature/what-does-it-mean-to-be-a-nasa-astronaut-in-the-celebrity-space-age-of-elon-musk-and-richard-branson/,"Jun 17, 2018",Fair Warning - We don't need no education
Miklar sveiflur í vatnsnotkun á leikdegi,https://www.veitur.is/frett/miklar-sveiflur-i-vatnsnotkun-a-leikdegi,"Jun 17, 2018",Fair Warning - We don't need no education
The terrible speed with which the Grenfell fire spread,https://www.bbc.co.uk/news/uk-44381387,"Jun 10, 2018","Fair Warning - Fairytales, murder with impunity, and the world cup"
Donald Trump hopes to save America’s failing coal-fired power plants,https://www.economist.com/graphic-detail/2018/06/06/donald-trump-hopes-to-save-americas-failing-coal-fired-power-plants,"Jun 10, 2018","Fair Warning - Fairytales, murder with impunity, and the world cup"
Murder with Impunity: Where killings go unsolved,https://www.washingtonpost.com/graphics/2018/investigations/where-murders-go-unsolved/,"Jun 10, 2018","Fair Warning - Fairytales, murder with impunity, and the world cup"
An Interactive Visualization of NYC Street Trees,https://www.cloudred.com/labprojects/nyctrees/,"Jun 10, 2018","Fair Warning - Fairytales, murder with impunity, and the world cup"
The Number of Female Chief Executives Is Falling,https://www.nytimes.com/2018/05/23/upshot/why-the-number-of-female-chief-executives-is-falling.html,"Jun  3, 2018","Fair Warning - Trade Wars, Warming Stripes, and Galileo"
Can a new mayor fix San Francisco’s housing and homelessness problems?,https://www.economist.com/united-states/2018/06/02/can-a-new-mayor-fix-san-franciscos-housing-and-homelessness-problems,"Jun  3, 2018","Fair Warning - Trade Wars, Warming Stripes, and Galileo"
American firms reveal the gulf between bosses’ and workers’ pay,https://www.economist.com/graphic-detail/2018/05/29/american-firms-reveal-the-gulf-between-bosses-and-workers-pay,"Jun  3, 2018","Fair Warning - Trade Wars, Warming Stripes, and Galileo"
Warming stripes,http://www.climate-lab-book.ac.uk/2018/warming-stripes/,"Jun  3, 2018","Fair Warning - Trade Wars, Warming Stripes, and Galileo"
Galileo’s Dialogue,https://www.c82.net/work/,"Jun  3, 2018","Fair Warning - Trade Wars, Warming Stripes, and Galileo"
#HomeToVote – And What It Means To Watch Irish Women Boarding Planes To Repeal The 8th,https://www.the-pool.com/news-views/opinion/2018/21/Lynn-Enright-on-Home-To-Vote-and-Repeal-The-8th,"May 27, 2018",Fair Warning: Ireland votes yes!
Ireland overturns abortion ban,http://www.bbc.co.uk/news/world-europe-44256152,"May 27, 2018",Fair Warning: Ireland votes yes!
Oxford faces anger over failure to improve diversity among students,https://www.theguardian.com/education/2018/may/23/oxford-faces-anger-over-failure-to-improve-diversity-among-students,"May 27, 2018",Fair Warning: Ireland votes yes!
Have You Ever Seen Someone Be Killed?,https://www.nytimes.com/2018/05/25/upshot/have-you-ever-seen-someone-get-killed.html,"May 27, 2018",Fair Warning: Ireland votes yes!
Introducing our prediction model for America’s mid-term elections,https://www.economist.com/graphic-detail/2018/05/24/introducing-our-prediction-model-for-americas-mid-term-elections,"May 27, 2018",Fair Warning: Ireland votes yes!
"How urban, suburban and rural counties have changed – including yours",http://www.pewresearch.org/fact-tank/2018/05/22/america-is-changing-demographically-heres-how-your-county-compares/,"May 27, 2018",Fair Warning: Ireland votes yes!
My heart rate during the Liverpool-Real Madrid CLF,https://www.reddit.com/r/dataisbeautiful/comments/8mgevq/my_heart_rate_during_the_liverpoolreal_madrid/,"May 27, 2018",Fair Warning: Ireland votes yes!
Fewer crimes ending with charges - check your police area,http://www.bbc.co.uk/news/uk-44044537,"May 20, 2018","Fair Warning - The royal wedding, food trucks, and baby names"
Royal wedding 2018: How popular is your wedding date?,http://www.bbc.co.uk/news/uk-44141870,"May 20, 2018","Fair Warning - The royal wedding, food trucks, and baby names"
What’s in a food truck?,https://www.washingtonpost.com/graphics/2018/food/food-trucks/,"May 20, 2018","Fair Warning - The royal wedding, food trucks, and baby names"
2018 has been deadlier for schoolchildren than service members,https://www.washingtonpost.com/news/politics/wp/2018/05/18/2018-has-been-deadlier-for-schoolchildren-than-service-members/,"May 20, 2018","Fair Warning - The royal wedding, food trucks, and baby names"
Sexism in Medicine,https://www.marieclaire.com/health-fitness/a26741/doctors-treat-women-like-men/,"May 20, 2018","Fair Warning - The royal wedding, food trucks, and baby names"
Nine facts about how long we live - BBC News,http://www.bbc.co.uk/news/health-43726436,"May 20, 2018","Fair Warning - The royal wedding, food trucks, and baby names"
BMI and obesity: Where are you on the UK fat scale?,http://www.bbc.co.uk/news/health-43697948,"May  6, 2018","Fair Warning - One hit wonders, crowds, and obesity"
Scotland introduces a minimum price of 50p per unit of alcohol - Daily chart,https://www.economist.com/blogs/graphicdetail/2018/05/daily-chart,"May  6, 2018","Fair Warning - One hit wonders, crowds, and obesity"
Local election results 2018: The results in maps and charts,http://www.bbc.co.uk/news/uk-politics-43992681,"May  6, 2018","Fair Warning - One hit wonders, crowds, and obesity"
How a Common Interview Question Fuels the Gender Pay Gap (and How to Stop It),https://www.nytimes.com/2018/05/01/upshot/how-a-common-interview-question-fuels-the-gender-pay-gap-and-how-to-stop-it.html,"May  6, 2018","Fair Warning - One hit wonders, crowds, and obesity"
Tracking false or misleading claims made by President Trump,https://www.washingtonpost.com/graphics/politics/trump-claims-database/,"May  6, 2018","Fair Warning - One hit wonders, crowds, and obesity"
"Democratic primary candidates are more liberal, new to politics",https://www.washingtonpost.com/graphics/2018/politics/house-primaries-candidates/,"May  6, 2018","Fair Warning - One hit wonders, crowds, and obesity"
The girl with the strawberry ring,http://www.bbc.co.uk/news/resources/idt-sh/strawberry_ring,"May  6, 2018","Fair Warning - One hit wonders, crowds, and obesity"
"The housing market works, where we let it",https://www.tomforth.co.uk/flatsandmarkets/,"Apr  8, 2018","Fair Warning: Debt, pensions, and twin cities"
Pension contribution increases a 'harsh jolt' for millions,http://www.bbc.co.uk/news/business-43654409,"Apr  8, 2018","Fair Warning: Debt, pensions, and twin cities"
When does your company stop paying women in 2018?,https://www.theguardian.com/news/ng-interactive/2018/apr/04/gender-pay-gap-when-does-your-company-stop-paying-women-in-2018,"Apr  8, 2018","Fair Warning: Debt, pensions, and twin cities"
Britain’s “gender seniority gap”,https://www.economist.com/blogs/graphicdetail/2018/04/daily-chart-2,"Apr  8, 2018","Fair Warning: Debt, pensions, and twin cities"
Heroin/morphine misuse death hotspots,https://www.ons.gov.uk/peoplepopulationandcommunity/birthsdeathsandmarriages/deaths/halfofheroinmorphinemisusedeathhotspotsinenglandandwalesareseasidelocations/2018-04-04,"Apr  8, 2018","Fair Warning: Debt, pensions, and twin cities"
"In reaction to Trump, millions of Americans are joining protests and getting political",https://www.washingtonpost.com/news/national/wp/2018/04/06/feature/in-reaction-to-trump-millions-of-americans-are-joining-protests-and-getting-political/,"Apr  8, 2018","Fair Warning: Debt, pensions, and twin cities"
What Is Your City’s Twin?,https://www.nytimes.com/interactive/2018/04/03/upshot/what-is-your-citys-twin.html,"Apr  8, 2018","Fair Warning: Debt, pensions, and twin cities"